text,true_labels,predicted_labels,false_positives,false_negatives,true_positives,probabilities
[TITRE] Maîtrisez l'Intelligence Artificielle (IA) - DEBUTANT | [SECTEUR] Numérique & Informatique | [ORGANISME] BT FORMATION | [CERTIFICATION] RS | [NIVEAU] nan | [ROME] nan | [TAGS] Gestion-de-proje,"['Ethique IA & RGPD', 'Gestion de projet IA', 'IA Generative']","['Gestion de projet IA', 'IA Generative']",[],['Ethique IA & RGPD'],"['Gestion de projet IA', 'IA Generative']","{'Automatisation': 0.4751, 'Big Data': 0.3834, 'Computer Vision': 0.3401, 'Data Engineering': 0.4012, 'Data Science': 0.3865, 'Deep Learning': 0.4235, 'Ethique IA & RGPD': 0.5876, 'Gestion de projet IA': 0.6196, 'IA Generative': 0.6109, 'LangChain / Agents RAG': 0.3752, 'Machine Learning': 0.3995, 'MLOps / Deploiement': 0.4006, 'NLP / Traitement du langage': 0.3889, 'No-code / Low-code': 0.4691, 'Prompt Engineering': 0.5464, 'Python': 0.3648, 'Reinforcement Learning': 0.3532, 'Series temporelles': 0.3534, 'SQL / Data Engineering': 0.334, 'Visualisation': 0.3666}"
[TITRE] ANGLAIS A2 en e-learning (6 mois) + coach virtuel en IA (intelligence artificielle)+formateur | [SECTEUR] Numérique & Informatique | [ORGANISME] ARKETYPE FORMATION | [CERTIFICATION] RS | [NIVE,['IA Generative'],[],[],['IA Generative'],[],"{'Automatisation': 0.4942, 'Big Data': 0.3809, 'Computer Vision': 0.3519, 'Data Engineering': 0.3953, 'Data Science': 0.3885, 'Deep Learning': 0.4267, 'Ethique IA & RGPD': 0.5593, 'Gestion de projet IA': 0.5642, 'IA Generative': 0.5999, 'LangChain / Agents RAG': 0.3731, 'Machine Learning': 0.4123, 'MLOps / Deploiement': 0.3938, 'NLP / Traitement du langage': 0.3865, 'No-code / Low-code': 0.451, 'Prompt Engineering': 0.4987, 'Python': 0.386, 'Reinforcement Learning': 0.3561, 'Series temporelles': 0.3427, 'SQL / Data Engineering': 0.3403, 'Visualisation': 0.3594}"
"[TITRE] Développeur en intelligence artificielle - Data Analytics | [SECTEUR] Numérique & Informatique | [ORGANISME] IQ FACTORY | [CERTIFICATION] RNCP | [NIVEAU] BAC+3 ou 4 : licence, master 1, maîtri","['Automatisation', 'Python', 'SQL / Data Engineering']","['Big Data', 'Data Engineering', 'Data Science', 'Machine Learning', 'MLOps / Deploiement', 'Python', 'SQL / Data Engineering', 'Visualisation']","['Big Data', 'Data Engineering', 'Data Science', 'Machine Learning', 'MLOps / Deploiement', 'Visualisation']",['Automatisation'],"['Python', 'SQL / Data Engineering']","{'Automatisation': 0.4718, 'Big Data': 0.6002, 'Computer Vision': 0.5388, 'Data Engineering': 0.5752, 'Data Science': 0.6192, 'Deep Learning': 0.5536, 'Ethique IA & RGPD': 0.4032, 'Gestion de projet IA': 0.3839, 'IA Generative': 0.3933, 'LangChain / Agents RAG': 0.4992, 'Machine Learning': 0.5824, 'MLOps / Deploiement': 0.5099, 'NLP / Traitement du langage': 0.5045, 'No-code / Low-code': 0.4439, 'Prompt Engineering': 0.3894, 'Python': 0.6251, 'Reinforcement Learning': 0.4753, 'Series temporelles': 0.5147, 'SQL / Data Engineering': 0.59, 'Visualisation': 0.5766}"
[TITRE] Intégrer l'IA dans la profession journalistique | [SECTEUR] Numérique & Informatique | [ORGANISME] THE MEDIA FACULTY 2 | [CERTIFICATION] RS | [NIVEAU] nan | [ROME] nan | [TAGS] IA-Générative |,"['Automatisation', 'Ethique IA & RGPD', 'IA Generative']",['Ethique IA & RGPD'],[],"['Automatisation', 'IA Generative']",['Ethique IA & RGPD'],"{'Automatisation': 0.5017, 'Big Data': 0.3702, 'Computer Vision': 0.3475, 'Data Engineering': 0.3901, 'Data Science': 0.3754, 'Deep Learning': 0.4227, 'Ethique IA & RGPD': 0.6169, 'Gestion de projet IA': 0.5865, 'IA Generative': 0.5958, 'LangChain / Agents RAG': 0.3858, 'Machine Learning': 0.4035, 'MLOps / Deploiement': 0.4093, 'NLP / Traitement du langage': 0.3906, 'No-code / Low-code': 0.4639, 'Prompt Engineering': 0.5385, 'Python': 0.3827, 'Reinforcement Learning': 0.3502, 'Series temporelles': 0.352, 'SQL / Data Engineering': 0.3419, 'Visualisation': 0.3688}"
[TITRE] Consulting Intelligence Artificielle 2027 - Mener des projets IA et Big Data en équipe en intégrant les contraintes légales et des considérations éthi | [SECTEUR] Numérique & Informatique | [O,"['Big Data', 'Ethique IA & RGPD', 'Gestion de projet IA', 'LangChain / Agents RAG']",[],[],"['Big Data', 'Ethique IA & RGPD', 'Gestion de projet IA', 'LangChain / Agents RAG']",[],"{'Automatisation': 0.4575, 'Big Data': 0.4153, 'Computer Vision': 0.3481, 'Data Engineering': 0.4283, 'Data Science': 0.4229, 'Deep Learning': 0.4434, 'Ethique IA & RGPD': 0.5679, 'Gestion de projet IA': 0.5864, 'IA Generative': 0.5679, 'LangChain / Agents RAG': 0.4532, 'Machine Learning': 0.4178, 'MLOps / Deploiement': 0.4401, 'NLP / Traitement du langage': 0.4079, 'No-code / Low-code': 0.4594, 'Prompt Engineering': 0.5288, 'Python': 0.3906, 'Reinforcement Learning': 0.3606, 'Series temporelles': 0.3728, 'SQL / Data Engineering': 0.353, 'Visualisation': 0.3953}"
"[TITRE] Manipuler, analyser et visualiser des données grâce aux modules Python de Data Science | [SECTEUR] Numérique & Informatique | [ORGANISME] SENZA | [CERTIFICATION] RS | [NIVEAU] nan | [ROME] nan","['Data Science', 'Python', 'Visualisation']","['Data Engineering', 'Data Science', 'Machine Learning', 'Python', 'SQL / Data Engineering', 'Visualisation']","['Data Engineering', 'Machine Learning', 'SQL / Data Engineering']",[],"['Data Science', 'Python', 'Visualisation']","{'Automatisation': 0.4904, 'Big Data': 0.5842, 'Computer Vision': 0.5635, 'Data Engineering': 0.5518, 'Data Science': 0.6107, 'Deep Learning': 0.5586, 'Ethique IA & RGPD': 0.402, 'Gestion de projet IA': 0.3923, 'IA Generative': 0.3915, 'LangChain / Agents RAG': 0.4925, 'Machine Learning': 0.5948, 'MLOps / Deploiement': 0.4875, 'NLP / Traitement du langage': 0.5196, 'No-code / Low-code': 0.4388, 'Prompt Engineering': 0.4026, 'Python': 0.6513, 'Reinforcement Learning': 0.4844, 'Series temporelles': 0.5356, 'SQL / Data Engineering': 0.5853, 'Visualisation': 0.5772}"
[TITRE] Produire et réviser du contenu professionnel multimédia en utilisant les outils d'Intelligence Artificielle Générative en Hôtellerie et Restauration | [SECTEUR] Numérique & Informatique | [ORG,"['Automatisation', 'Ethique IA & RGPD', 'Gestion de projet IA', 'IA Generative']","['Ethique IA & RGPD', 'Gestion de projet IA', 'IA Generative']",[],['Automatisation'],"['Ethique IA & RGPD', 'Gestion de projet IA', 'IA Generative']","{'Automatisation': 0.4819, 'Big Data': 0.3756, 'Computer Vision': 0.3379, 'Data Engineering': 0.3982, 'Data Science': 0.3816, 'Deep Learning': 0.4185, 'Ethique IA & RGPD': 0.5916, 'Gestion de projet IA': 0.6205, 'IA Generative': 0.6169, 'LangChain / Agents RAG': 0.3777, 'Machine Learning': 0.3972, 'MLOps / Deploiement': 0.3994, 'NLP / Traitement du langage': 0.3897, 'No-code / Low-code': 0.4781, 'Prompt Engineering': 0.5616, 'Python': 0.3637, 'Reinforcement Learning': 0.3518, 'Series temporelles': 0.355, 'SQL / Data Engineering': 0.3372, 'Visualisation': 0.3688}"
[TITRE] Master mention Biologie-santé - Parcours type : Biomarqueurs et intelligence artificielle - 2ème année | [SECTEUR] Santé & Paramédical | [ORGANISME] UNIVERSITE D'AIX MARSEILLE | [CERTIFICATION,['IA Generative'],[],[],['IA Generative'],[],"{'Automatisation': 0.4599, 'Big Data': 0.4067, 'Computer Vision': 0.336, 'Data Engineering': 0.4164, 'Data Science': 0.4149, 'Deep Learning': 0.4322, 'Ethique IA & RGPD': 0.5584, 'Gestion de projet IA': 0.5685, 'IA Generative': 0.5966, 'LangChain / Agents RAG': 0.3628, 'Machine Learning': 0.4111, 'MLOps / Deploiement': 0.3997, 'NLP / Traitement du langage': 0.3728, 'No-code / Low-code': 0.4473, 'Prompt Engineering': 0.4961, 'Python': 0.3682, 'Reinforcement Learning': 0.3463, 'Series temporelles': 0.3357, 'SQL / Data Engineering': 0.3345, 'Visualisation': 0.364}"
"[TITRE] Data Science, Machine Learning et IA appliquee - RNCP38616BC02, BC03, BC04, BC05 | [SECTEUR] Numérique & Informatique | [ORGANISME] LE WAGON | [CERTIFICATION] RNCP | [NIVEAU] BAC+3 ou 4 : lice","['Data Science', 'Machine Learning', 'SQL / Data Engineering']","['Big Data', 'Data Engineering', 'Data Science', 'Machine Learning', 'MLOps / Deploiement', 'Python', 'SQL / Data Engineering', 'Visualisation']","['Big Data', 'Data Engineering', 'MLOps / Deploiement', 'Python', 'Visualisation']",[],"['Data Science', 'Machine Learning', 'SQL / Data Engineering']","{'Automatisation': 0.4588, 'Big Data': 0.6197, 'Computer Vision': 0.5504, 'Data Engineering': 0.5674, 'Data Science': 0.6401, 'Deep Learning': 0.5701, 'Ethique IA & RGPD': 0.3856, 'Gestion de projet IA': 0.3789, 'IA Generative': 0.3791, 'LangChain / Agents RAG': 0.4822, 'Machine Learning': 0.6092, 'MLOps / Deploiement': 0.4925, 'NLP / Traitement du langage': 0.5024, 'No-code / Low-code': 0.4331, 'Prompt Engineering': 0.3822, 'Python': 0.6316, 'Reinforcement Learning': 0.493, 'Series temporelles': 0.5233, 'SQL / Data Engineering': 0.5972, 'Visualisation': 0.5746}"
"[TITRE] Architecte en intelligence artificielle - Spécialité Data Science | [SECTEUR] Numérique & Informatique | [ORGANISME] DSTI | [CERTIFICATION] RNCP | [NIVEAU] BAC+5 : grade master, DEA, DESS, ing","['Big Data', 'Data Science']","['Big Data', 'Data Engineering', 'Data Science', 'Machine Learning']","['Data Engineering', 'Machine Learning']",[],"['Big Data', 'Data Science']","{'Automatisation': 0.4096, 'Big Data': 0.6724, 'Computer Vision': 0.4796, 'Data Engineering': 0.5895, 'Data Science': 0.6617, 'Deep Learning': 0.5535, 'Ethique IA & RGPD': 0.4027, 'Gestion de projet IA': 0.4125, 'IA Generative': 0.3965, 'LangChain / Agents RAG': 0.4289, 'Machine Learning': 0.5631, 'MLOps / Deploiement': 0.4825, 'NLP / Traitement du langage': 0.445, 'No-code / Low-code': 0.425, 'Prompt Engineering': 0.3824, 'Python': 0.521, 'Reinforcement Learning': 0.4475, 'Series temporelles': 0.4576, 'SQL / Data Engineering': 0.519, 'Visualisation': 0.5399}"
"[TITRE] Formation : Intégrer l'intelligence artificielle (IA) dans les pratiques en ressources humaines, certification Classe Digitale | [SECTEUR] Ressources Humaines | [ORGANISME] ORSYS | [CERTIFICAT","['Automatisation', 'Ethique IA & RGPD', 'IA Generative', 'Machine Learning']","['Ethique IA & RGPD', 'IA Generative']",[],"['Automatisation', 'Machine Learning']","['Ethique IA & RGPD', 'IA Generative']","{'Automatisation': 0.5019, 'Big Data': 0.3699, 'Computer Vision': 0.346, 'Data Engineering': 0.3899, 'Data Science': 0.3751, 'Deep Learning': 0.4227, 'Ethique IA & RGPD': 0.6166, 'Gestion de projet IA': 0.5903, 'IA Generative': 0.6015, 'LangChain / Agents RAG': 0.3872, 'Machine Learning': 0.4015, 'MLOps / Deploiement': 0.4059, 'NLP / Traitement du langage': 0.3933, 'No-code / Low-code': 0.4644, 'Prompt Engineering': 0.541, 'Python': 0.3812, 'Reinforcement Learning': 0.3505, 'Series temporelles': 0.3502, 'SQL / Data Engineering': 0.3401, 'Visualisation': 0.3692}"
"[TITRE] Architecte en intelligence artificielle - Spécialité Data Analytics | [SECTEUR] Numérique & Informatique | [ORGANISME] DSTI | [CERTIFICATION] RNCP | [NIVEAU] BAC+5 : grade master, DEA, DESS, i",['IA Generative'],[],[],['IA Generative'],[],"{'Automatisation': 0.4607, 'Big Data': 0.4189, 'Computer Vision': 0.337, 'Data Engineering': 0.4222, 'Data Science': 0.4196, 'Deep Learning': 0.4347, 'Ethique IA & RGPD': 0.5404, 'Gestion de projet IA': 0.5624, 'IA Generative': 0.5927, 'LangChain / Agents RAG': 0.3628, 'Machine Learning': 0.4132, 'MLOps / Deploiement': 0.3989, 'NLP / Traitement du langage': 0.3749, 'No-code / Low-code': 0.4484, 'Prompt Engineering': 0.4845, 'Python': 0.3718, 'Reinforcement Learning': 0.3476, 'Series temporelles': 0.3342, 'SQL / Data Engineering': 0.3394, 'Visualisation': 0.3698}"
"[TITRE] Master mention Bio-informatique parcours Bio-informatique, biostatistiques et applications de l'intelligence artificielle (BIBS-IA)- 2e année | [SECTEUR] Numérique & Informatique | [ORGANISME]",['Data Science'],"['Big Data', 'Data Engineering', 'Data Science']","['Big Data', 'Data Engineering']",[],['Data Science'],"{'Automatisation': 0.4021, 'Big Data': 0.6386, 'Computer Vision': 0.4435, 'Data Engineering': 0.5725, 'Data Science': 0.6508, 'Deep Learning': 0.5318, 'Ethique IA & RGPD': 0.4192, 'Gestion de projet IA': 0.4379, 'IA Generative': 0.4157, 'LangChain / Agents RAG': 0.4045, 'Machine Learning': 0.5409, 'MLOps / Deploiement': 0.4717, 'NLP / Traitement du langage': 0.4201, 'No-code / Low-code': 0.4185, 'Prompt Engineering': 0.3863, 'Python': 0.4908, 'Reinforcement Learning': 0.412, 'Series temporelles': 0.4257, 'SQL / Data Engineering': 0.4781, 'Visualisation': 0.509}"
[TITRE] BC03 Python et Machine Learning - Techniques d'analyse IA via des algorithmes d'apprentissage automatiques (Machine Learning) | [SECTEUR] Numérique & Informatique | [ORGANISME] LE WAGON | [CER,"['Automatisation', 'Machine Learning', 'Python']","['Data Engineering', 'Machine Learning']",['Data Engineering'],"['Automatisation', 'Python']",['Machine Learning'],"{'Automatisation': 0.4941, 'Big Data': 0.5846, 'Computer Vision': 0.5588, 'Data Engineering': 0.5339, 'Data Science': 0.5849, 'Deep Learning': 0.6102, 'Ethique IA & RGPD': 0.4075, 'Gestion de projet IA': 0.3887, 'IA Generative': 0.3867, 'LangChain / Agents RAG': 0.4589, 'Machine Learning': 0.6147, 'MLOps / Deploiement': 0.4812, 'NLP / Traitement du langage': 0.502, 'No-code / Low-code': 0.3894, 'Prompt Engineering': 0.3788, 'Python': 0.6053, 'Reinforcement Learning': 0.5331, 'Series temporelles': 0.4845, 'SQL / Data Engineering': 0.5183, 'Visualisation': 0.5098}"
[TITRE] MASTER 2 Biologie-Santé - parcours Computational Neurosciences and Neuroengineering | [SECTEUR] Santé & Paramédical | [ORGANISME] UNIVERSITE PARIS-SACLAY | [CERTIFICATION] RNCP | [NIVEAU] BAC+,"['Deep Learning', 'Machine Learning']","['Big Data', 'Data Engineering', 'Data Science', 'Deep Learning', 'Machine Learning']","['Big Data', 'Data Engineering', 'Data Science']",[],"['Deep Learning', 'Machine Learning']","{'Automatisation': 0.4326, 'Big Data': 0.6221, 'Computer Vision': 0.5421, 'Data Engineering': 0.5482, 'Data Science': 0.608, 'Deep Learning': 0.6351, 'Ethique IA & RGPD': 0.4056, 'Gestion de projet IA': 0.3926, 'IA Generative': 0.3843, 'LangChain / Agents RAG': 0.4333, 'Machine Learning': 0.6134, 'MLOps / Deploiement': 0.4851, 'NLP / Traitement du langage': 0.4789, 'No-code / Low-code': 0.3905, 'Prompt Engineering': 0.3823, 'Python': 0.5427, 'Reinforcement Learning': 0.5386, 'Series temporelles': 0.459, 'SQL / Data Engineering': 0.4952, 'Visualisation': 0.5014}"
[TITRE] Fondamentaux de la Data Analytics - BC01 : Automatiser la collecte et le traitement des données | [SECTEUR] Numérique & Informatique | [ORGANISME] LE WAGON | [CERTIFICATION] RNCP | [NIVEAU] BA,['Data Engineering'],"['Big Data', 'Data Engineering', 'Data Science']","['Big Data', 'Data Science']",[],['Data Engineering'],"{'Automatisation': 0.4096, 'Big Data': 0.5918, 'Computer Vision': 0.4014, 'Data Engineering': 0.5437, 'Data Science': 0.6022, 'Deep Learning': 0.5064, 'Ethique IA & RGPD': 0.4456, 'Gestion de projet IA': 0.4705, 'IA Generative': 0.4566, 'LangChain / Agents RAG': 0.394, 'Machine Learning': 0.5055, 'MLOps / Deploiement': 0.4432, 'NLP / Traitement du langage': 0.3978, 'No-code / Low-code': 0.4333, 'Prompt Engineering': 0.4393, 'Python': 0.452, 'Reinforcement Learning': 0.3826, 'Series temporelles': 0.3927, 'SQL / Data Engineering': 0.4461, 'Visualisation': 0.4792}"
"[TITRE] Architecte en intelligence artificielle - Spécialité Data Engineering | [SECTEUR] Numérique & Informatique | [ORGANISME] DSTI | [CERTIFICATION] RNCP | [NIVEAU] BAC+5 : grade master, DEA, DESS,","['Big Data', 'Data Engineering']","['Big Data', 'Data Engineering', 'Data Science', 'Machine Learning', 'Visualisation']","['Data Science', 'Machine Learning', 'Visualisation']",[],"['Big Data', 'Data Engineering']","{'Automatisation': 0.4064, 'Big Data': 0.6727, 'Computer Vision': 0.4823, 'Data Engineering': 0.5919, 'Data Science': 0.6548, 'Deep Learning': 0.5586, 'Ethique IA & RGPD': 0.4075, 'Gestion de projet IA': 0.4137, 'IA Generative': 0.3945, 'LangChain / Agents RAG': 0.432, 'Machine Learning': 0.5691, 'MLOps / Deploiement': 0.4803, 'NLP / Traitement du langage': 0.4452, 'No-code / Low-code': 0.4213, 'Prompt Engineering': 0.3936, 'Python': 0.5165, 'Reinforcement Learning': 0.4538, 'Series temporelles': 0.4592, 'SQL / Data Engineering': 0.519, 'Visualisation': 0.5423}"
"[TITRE] Certificat Application de l'IA à la finance : Data Science | [SECTEUR] Banque, Finance & Assurance | [ORGANISME] ECOLE SUP LIBRE SCIENC COM APPLIQUEES | [CERTIFICATION] RNCP | [NIVEAU] BAC+5 :",['Data Science'],"['Big Data', 'Data Engineering', 'Data Science', 'Machine Learning', 'Python', 'Visualisation']","['Big Data', 'Data Engineering', 'Machine Learning', 'Python', 'Visualisation']",[],['Data Science'],"{'Automatisation': 0.4608, 'Big Data': 0.5977, 'Computer Vision': 0.5159, 'Data Engineering': 0.5515, 'Data Science': 0.6112, 'Deep Learning': 0.5419, 'Ethique IA & RGPD': 0.4086, 'Gestion de projet IA': 0.3997, 'IA Generative': 0.4103, 'LangChain / Agents RAG': 0.4789, 'Machine Learning': 0.5736, 'MLOps / Deploiement': 0.4705, 'NLP / Traitement du langage': 0.4704, 'No-code / Low-code': 0.4367, 'Prompt Engineering': 0.3879, 'Python': 0.6156, 'Reinforcement Learning': 0.4511, 'Series temporelles': 0.4936, 'SQL / Data Engineering': 0.5655, 'Visualisation': 0.5516}"
"[TITRE] Liora - DataScientest - Data Analyst | [SECTEUR] Numérique & Informatique | [ORGANISME] DATASCIENTEST | [CERTIFICATION] RNCP | [NIVEAU] BAC+5 : grade master, DEA, DESS, ingénieur... (NIVEAU 7)","['Data Engineering', 'Python', 'SQL / Data Engineering', 'Visualisation']","['Big Data', 'Data Engineering', 'Data Science', 'Machine Learning', 'MLOps / Deploiement', 'Python', 'SQL / Data Engineering', 'Visualisation']","['Big Data', 'Data Science', 'Machine Learning', 'MLOps / Deploiement']",[],"['Data Engineering', 'Python', 'SQL / Data Engineering', 'Visualisation']","{'Automatisation': 0.4631, 'Big Data': 0.6257, 'Computer Vision': 0.5547, 'Data Engineering': 0.5806, 'Data Science': 0.6327, 'Deep Learning': 0.5768, 'Ethique IA & RGPD': 0.3944, 'Gestion de projet IA': 0.3764, 'IA Generative': 0.377, 'LangChain / Agents RAG': 0.4937, 'Machine Learning': 0.6015, 'MLOps / Deploiement': 0.5014, 'NLP / Traitement du langage': 0.5064, 'No-code / Low-code': 0.4283, 'Prompt Engineering': 0.3809, 'Python': 0.6314, 'Reinforcement Learning': 0.494, 'Series temporelles': 0.526, 'SQL / Data Engineering': 0.5937, 'Visualisation': 0.5783}"
[TITRE] Concevoir des agents IA intelligents | [SECTEUR] Numérique & Informatique | [ORGANISME] SYDO | [CERTIFICATION] RS | [NIVEAU] nan | [ROME] nan | [TAGS] IA-Générative | LangChain | RS,"['Ethique IA & RGPD', 'IA Generative', 'LangChain / Agents RAG']",[],[],"['Ethique IA & RGPD', 'IA Generative', 'LangChain / Agents RAG']",[],"{'Automatisation': 0.5159, 'Big Data': 0.3749, 'Computer Vision': 0.3638, 'Data Engineering': 0.3977, 'Data Science': 0.3814, 'Deep Learning': 0.4235, 'Ethique IA & RGPD': 0.5633, 'Gestion de projet IA': 0.5527, 'IA Generative': 0.5912, 'LangChain / Agents RAG': 0.448, 'Machine Learning': 0.4103, 'MLOps / Deploiement': 0.4156, 'NLP / Traitement du langage': 0.4137, 'No-code / Low-code': 0.4725, 'Prompt Engineering': 0.5342, 'Python': 0.4079, 'Reinforcement Learning': 0.3589, 'Series temporelles': 0.372, 'SQL / Data Engineering': 0.355, 'Visualisation': 0.3824}"
[TITRE] Intégrer l'IA générative dans son quotidien professionnel | [SECTEUR] Numérique & Informatique | [ORGANISME] SYDO | [CERTIFICATION] RS | [NIVEAU] nan | [ROME] nan | [TAGS] IA-Générative | RS |,"['IA Generative', 'SQL / Data Engineering']",[],[],"['IA Generative', 'SQL / Data Engineering']",[],"{'Automatisation': 0.5122, 'Big Data': 0.3843, 'Computer Vision': 0.3449, 'Data Engineering': 0.4055, 'Data Science': 0.4092, 'Deep Learning': 0.412, 'Ethique IA & RGPD': 0.5408, 'Gestion de projet IA': 0.5543, 'IA Generative': 0.5972, 'LangChain / Agents RAG': 0.3656, 'Machine Learning': 0.4093, 'MLOps / Deploiement': 0.3882, 'NLP / Traitement du langage': 0.3802, 'No-code / Low-code': 0.4844, 'Prompt Engineering': 0.5028, 'Python': 0.4158, 'Reinforcement Learning': 0.329, 'Series temporelles': 0.348, 'SQL / Data Engineering': 0.3557, 'Visualisation': 0.381}"
"[TITRE] Concepteur développeur en intelligence artificielle et analyse big data - Alyra | [SECTEUR] Numérique & Informatique | [ORGANISME] ALYRA | [CERTIFICATION] RNCP | [NIVEAU] BAC+3 ou 4 : licence,","['Big Data', 'Deep Learning', 'IA Generative', 'Visualisation']","['Big Data', 'Data Engineering', 'Data Science', 'Machine Learning', 'MLOps / Deploiement', 'Python', 'SQL / Data Engineering', 'Visualisation']","['Data Engineering', 'Data Science', 'Machine Learning', 'MLOps / Deploiement', 'Python', 'SQL / Data Engineering']","['Deep Learning', 'IA Generative']","['Big Data', 'Visualisation']","{'Automatisation': 0.4677, 'Big Data': 0.6048, 'Computer Vision': 0.5448, 'Data Engineering': 0.5653, 'Data Science': 0.628, 'Deep Learning': 0.5486, 'Ethique IA & RGPD': 0.392, 'Gestion de projet IA': 0.3855, 'IA Generative': 0.388, 'LangChain / Agents RAG': 0.4953, 'Machine Learning': 0.5915, 'MLOps / Deploiement': 0.4914, 'NLP / Traitement du langage': 0.502, 'No-code / Low-code': 0.4452, 'Prompt Engineering': 0.3899, 'Python': 0.6375, 'Reinforcement Learning': 0.4784, 'Series temporelles': 0.527, 'SQL / Data Engineering': 0.6034, 'Visualisation': 0.5788}"
[TITRE] Formation Excel et ses outils complémentaires nouvelle génération - certification Tosa | [SECTEUR] Numérique & Informatique | [ORGANISME] ATORIA | [CERTIFICATION] RS | [NIVEAU] nan | [ROME] na,['IA Generative'],[],[],['IA Generative'],[],"{'Automatisation': 0.5111, 'Big Data': 0.3799, 'Computer Vision': 0.3557, 'Data Engineering': 0.4024, 'Data Science': 0.4016, 'Deep Learning': 0.4193, 'Ethique IA & RGPD': 0.5427, 'Gestion de projet IA': 0.5427, 'IA Generative': 0.5923, 'LangChain / Agents RAG': 0.3662, 'Machine Learning': 0.4115, 'MLOps / Deploiement': 0.4018, 'NLP / Traitement du langage': 0.3842, 'No-code / Low-code': 0.4564, 'Prompt Engineering': 0.4902, 'Python': 0.4047, 'Reinforcement Learning': 0.3401, 'Series temporelles': 0.3484, 'SQL / Data Engineering': 0.3493, 'Visualisation': 0.3715}"
"[TITRE] Développeur en intelligence artificielle - Data Science | [SECTEUR] Numérique & Informatique | [ORGANISME] IQ FACTORY | [CERTIFICATION] RNCP | [NIVEAU] BAC+3 ou 4 : licence, master 1, maîtrise","['Deep Learning', 'Machine Learning', 'SQL / Data Engineering', 'Visualisation']","['Big Data', 'Data Engineering', 'Data Science', 'Machine Learning', 'MLOps / Deploiement', 'Python', 'SQL / Data Engineering', 'Visualisation']","['Big Data', 'Data Engineering', 'Data Science', 'MLOps / Deploiement', 'Python']",['Deep Learning'],"['Machine Learning', 'SQL / Data Engineering', 'Visualisation']","{'Automatisation': 0.4664, 'Big Data': 0.6041, 'Computer Vision': 0.5474, 'Data Engineering': 0.5649, 'Data Science': 0.6283, 'Deep Learning': 0.5471, 'Ethique IA & RGPD': 0.3892, 'Gestion de projet IA': 0.3864, 'IA Generative': 0.3897, 'LangChain / Agents RAG': 0.4951, 'Machine Learning': 0.5933, 'MLOps / Deploiement': 0.4908, 'NLP / Traitement du langage': 0.5027, 'No-code / Low-code': 0.4495, 'Prompt Engineering': 0.3898, 'Python': 0.6371, 'Reinforcement Learning': 0.4828, 'Series temporelles': 0.5292, 'SQL / Data Engineering': 0.6048, 'Visualisation': 0.5799}"
[TITRE] Excel Avancé et Power Pivot : transformez vos données massives en analyses percutantes | [SECTEUR] Numérique & Informatique | [ORGANISME] LEFEBVRE DALLOZ COMPETENCES | [CERTIFICATION] RS | [NI,['Big Data'],"['Big Data', 'Data Engineering', 'Data Science', 'Machine Learning', 'Visualisation']","['Data Engineering', 'Data Science', 'Machine Learning', 'Visualisation']",[],['Big Data'],"{'Automatisation': 0.4357, 'Big Data': 0.655, 'Computer Vision': 0.5124, 'Data Engineering': 0.5841, 'Data Science': 0.6432, 'Deep Learning': 0.556, 'Ethique IA & RGPD': 0.4036, 'Gestion de projet IA': 0.3886, 'IA Generative': 0.3927, 'LangChain / Agents RAG': 0.4504, 'Machine Learning': 0.5774, 'MLOps / Deploiement': 0.4874, 'NLP / Traitement du langage': 0.4689, 'No-code / Low-code': 0.4236, 'Prompt Engineering': 0.3789, 'Python': 0.5682, 'Reinforcement Learning': 0.4512, 'Series temporelles': 0.4813, 'SQL / Data Engineering': 0.5398, 'Visualisation': 0.5507}"
[TITRE] BC06 Data Analytics Essentials - Concevoir des tableaux de bord avancés (Business Intelligence) | [SECTEUR] Numérique & Informatique | [ORGANISME] LE WAGON | [CERTIFICATION] RNCP | [NIVEAU] BA,"['Big Data', 'SQL / Data Engineering']","['Big Data', 'Data Engineering', 'Data Science', 'Machine Learning', 'SQL / Data Engineering', 'Visualisation']","['Data Engineering', 'Data Science', 'Machine Learning', 'Visualisation']",[],"['Big Data', 'SQL / Data Engineering']","{'Automatisation': 0.4409, 'Big Data': 0.6442, 'Computer Vision': 0.5113, 'Data Engineering': 0.5835, 'Data Science': 0.6462, 'Deep Learning': 0.5542, 'Ethique IA & RGPD': 0.4022, 'Gestion de projet IA': 0.3936, 'IA Generative': 0.3918, 'LangChain / Agents RAG': 0.464, 'Machine Learning': 0.5845, 'MLOps / Deploiement': 0.4897, 'NLP / Traitement du langage': 0.471, 'No-code / Low-code': 0.4379, 'Prompt Engineering': 0.3909, 'Python': 0.5835, 'Reinforcement Learning': 0.462, 'Series temporelles': 0.4941, 'SQL / Data Engineering': 0.5769, 'Visualisation': 0.5681}"
[TITRE] IA Business Booster : Déployer des solutions digitales innovantes avec l'Intelligence Artificielle | [SECTEUR] Communication & Médias | [ORGANISME] CEM FORMATION | [CERTIFICATION] RNCP | [NIVE,"['Automatisation', 'Data Science', 'Gestion de projet IA', 'IA Generative']","['Ethique IA & RGPD', 'Gestion de projet IA', 'IA Generative', 'Prompt Engineering']","['Ethique IA & RGPD', 'Prompt Engineering']","['Automatisation', 'Data Science']","['Gestion de projet IA', 'IA Generative']","{'Automatisation': 0.4761, 'Big Data': 0.3665, 'Computer Vision': 0.3385, 'Data Engineering': 0.3954, 'Data Science': 0.379, 'Deep Learning': 0.4146, 'Ethique IA & RGPD': 0.5923, 'Gestion de projet IA': 0.6132, 'IA Generative': 0.6235, 'LangChain / Agents RAG': 0.3958, 'Machine Learning': 0.3912, 'MLOps / Deploiement': 0.4035, 'NLP / Traitement du langage': 0.3925, 'No-code / Low-code': 0.4871, 'Prompt Engineering': 0.5798, 'Python': 0.3607, 'Reinforcement Learning': 0.3503, 'Series temporelles': 0.3597, 'SQL / Data Engineering': 0.3421, 'Visualisation': 0.3732}"
[TITRE] HEC Paris - Construire une stratégie data et IA - RNCP39423BC05 | [SECTEUR] Management & Gestion | [ORGANISME] ETABLISSEMENT D ENSEIGNEMENT SUPERIEUR CONSULAIRE HAUTES ETUDES COMMERCIALES DE P,"['Data Science', 'Gestion de projet IA']",['Data Engineering'],['Data Engineering'],"['Data Science', 'Gestion de projet IA']",[],"{'Automatisation': 0.3956, 'Big Data': 0.5694, 'Computer Vision': 0.3661, 'Data Engineering': 0.5114, 'Data Science': 0.5749, 'Deep Learning': 0.4878, 'Ethique IA & RGPD': 0.5001, 'Gestion de projet IA': 0.5463, 'IA Generative': 0.4904, 'LangChain / Agents RAG': 0.3777, 'Machine Learning': 0.4809, 'MLOps / Deploiement': 0.4438, 'NLP / Traitement du langage': 0.3826, 'No-code / Low-code': 0.4292, 'Prompt Engineering': 0.4305, 'Python': 0.4119, 'Reinforcement Learning': 0.3727, 'Series temporelles': 0.3709, 'SQL / Data Engineering': 0.3952, 'Visualisation': 0.4389}"
"[TITRE] Master 2 Mathématques Appliquées, statistique - Parcours type : Data Sciences (DS) | [SECTEUR] Numérique & Informatique | [ORGANISME] UNIVERSITE D'AIX MARSEILLE | [CERTIFICATION] RNCP | [NIVEA","['Data Science', 'Machine Learning', 'Visualisation']","['Big Data', 'Data Engineering', 'Data Science', 'Machine Learning', 'MLOps / Deploiement', 'Visualisation']","['Big Data', 'Data Engineering', 'MLOps / Deploiement']",[],"['Data Science', 'Machine Learning', 'Visualisation']","{'Automatisation': 0.4315, 'Big Data': 0.6513, 'Computer Vision': 0.5483, 'Data Engineering': 0.5783, 'Data Science': 0.6445, 'Deep Learning': 0.6102, 'Ethique IA & RGPD': 0.3895, 'Gestion de projet IA': 0.3817, 'IA Generative': 0.3726, 'LangChain / Agents RAG': 0.4433, 'Machine Learning': 0.6106, 'MLOps / Deploiement': 0.4936, 'NLP / Traitement du langage': 0.4774, 'No-code / Low-code': 0.3995, 'Prompt Engineering': 0.3805, 'Python': 0.5668, 'Reinforcement Learning': 0.5137, 'Series temporelles': 0.4776, 'SQL / Data Engineering': 0.5355, 'Visualisation': 0.5445}"
[TITRE] Data Science et IA - Construisez des modèles de machine learning et IA - Concepteur développeur en intelligence artificielle et analyse big data | [SECTEUR] Numérique & Informatique | [ORGANIS,"['Big Data', 'Data Science', 'Machine Learning']","['Big Data', 'Data Engineering', 'Data Science', 'Machine Learning']",['Data Engineering'],[],"['Big Data', 'Data Science', 'Machine Learning']","{'Automatisation': 0.4141, 'Big Data': 0.6585, 'Computer Vision': 0.5153, 'Data Engineering': 0.5705, 'Data Science': 0.6417, 'Deep Learning': 0.6126, 'Ethique IA & RGPD': 0.4054, 'Gestion de projet IA': 0.3983, 'IA Generative': 0.3836, 'LangChain / Agents RAG': 0.425, 'Machine Learning': 0.6038, 'MLOps / Deploiement': 0.4837, 'NLP / Traitement du langage': 0.4638, 'No-code / Low-code': 0.399, 'Prompt Engineering': 0.3758, 'Python': 0.5288, 'Reinforcement Learning': 0.5012, 'Series temporelles': 0.4607, 'SQL / Data Engineering': 0.5057, 'Visualisation': 0.5155}"
"[TITRE] DATABIRD - Data & IA : Collecte, stockage et mise à disposition des données | [SECTEUR] Numérique & Informatique | [ORGANISME] DATABIRD | [CERTIFICATION] RNCP | [NIVEAU] BAC+3 ou 4 : licence, ","['Big Data', 'Python', 'SQL / Data Engineering']","['Big Data', 'Data Engineering', 'Data Science', 'LangChain / Agents RAG', 'Machine Learning', 'MLOps / Deploiement', 'Python', 'SQL / Data Engineering', 'Visualisation']","['Data Engineering', 'Data Science', 'LangChain / Agents RAG', 'Machine Learning', 'MLOps / Deploiement', 'Visualisation']",[],"['Big Data', 'Python', 'SQL / Data Engineering']","{'Automatisation': 0.4715, 'Big Data': 0.6044, 'Computer Vision': 0.5573, 'Data Engineering': 0.5666, 'Data Science': 0.6217, 'Deep Learning': 0.5603, 'Ethique IA & RGPD': 0.3949, 'Gestion de projet IA': 0.3835, 'IA Generative': 0.384, 'LangChain / Agents RAG': 0.5039, 'Machine Learning': 0.5995, 'MLOps / Deploiement': 0.5002, 'NLP / Traitement du langage': 0.513, 'No-code / Low-code': 0.4417, 'Prompt Engineering': 0.3906, 'Python': 0.6443, 'Reinforcement Learning': 0.4947, 'Series temporelles': 0.5342, 'SQL / Data Engineering': 0.6032, 'Visualisation': 0.5814}"
[TITRE] IA générative pour la création de contenus : ChatGPT et DALL-E | [SECTEUR] Numérique & Informatique | [ORGANISME] VIDEO DESIGN FORMATION | [CERTIFICATION] RS | [NIVEAU] nan | [ROME] nan | [TAG,"['Deep Learning', 'Ethique IA & RGPD', 'IA Generative', 'Machine Learning']",['IA Generative'],[],"['Deep Learning', 'Ethique IA & RGPD', 'Machine Learning']",['IA Generative'],"{'Automatisation': 0.4967, 'Big Data': 0.365, 'Computer Vision': 0.3368, 'Data Engineering': 0.4028, 'Data Science': 0.3822, 'Deep Learning': 0.4073, 'Ethique IA & RGPD': 0.5725, 'Gestion de projet IA': 0.5888, 'IA Generative': 0.6196, 'LangChain / Agents RAG': 0.3878, 'Machine Learning': 0.3863, 'MLOps / Deploiement': 0.3981, 'NLP / Traitement du langage': 0.3919, 'No-code / Low-code': 0.4985, 'Prompt Engineering': 0.557, 'Python': 0.3805, 'Reinforcement Learning': 0.3381, 'Series temporelles': 0.3527, 'SQL / Data Engineering': 0.3455, 'Visualisation': 0.3703}"
"[TITRE] Lead Track IA & GenAI - Architecte en intelligence artificielle | [SECTEUR] Numérique & Informatique | [ORGANISME] JEDHA | [CERTIFICATION] RNCP | [NIVEAU] BAC+5 : grade master, DEA, DESS, ingé","['LangChain / Agents RAG', 'Python']","['Data Engineering', 'Data Science', 'LangChain / Agents RAG', 'Machine Learning', 'MLOps / Deploiement', 'Python', 'SQL / Data Engineering', 'Visualisation']","['Data Engineering', 'Data Science', 'Machine Learning', 'MLOps / Deploiement', 'SQL / Data Engineering', 'Visualisation']",[],"['LangChain / Agents RAG', 'Python']","{'Automatisation': 0.469, 'Big Data': 0.5871, 'Computer Vision': 0.5456, 'Data Engineering': 0.5517, 'Data Science': 0.61, 'Deep Learning': 0.5504, 'Ethique IA & RGPD': 0.3958, 'Gestion de projet IA': 0.3914, 'IA Generative': 0.3915, 'LangChain / Agents RAG': 0.5135, 'Machine Learning': 0.5872, 'MLOps / Deploiement': 0.4943, 'NLP / Traitement du langage': 0.5137, 'No-code / Low-code': 0.4337, 'Prompt Engineering': 0.3946, 'Python': 0.6368, 'Reinforcement Learning': 0.485, 'Series temporelles': 0.5215, 'SQL / Data Engineering': 0.5829, 'Visualisation': 0.5627}"
[TITRE] Data Analytics - Prenez des décisions éclairées grâce à vos données - Concepteur développeur en intelligence artificielle et analyse big data | [SECTEUR] Numérique & Informatique | [ORGANISME],"['Big Data', 'Visualisation']","['Big Data', 'Data Engineering', 'Data Science', 'Machine Learning', 'Visualisation']","['Data Engineering', 'Data Science', 'Machine Learning']",[],"['Big Data', 'Visualisation']","{'Automatisation': 0.4312, 'Big Data': 0.6652, 'Computer Vision': 0.502, 'Data Engineering': 0.5836, 'Data Science': 0.651, 'Deep Learning': 0.5627, 'Ethique IA & RGPD': 0.4019, 'Gestion de projet IA': 0.4023, 'IA Generative': 0.3942, 'LangChain / Agents RAG': 0.4384, 'Machine Learning': 0.5719, 'MLOps / Deploiement': 0.4751, 'NLP / Traitement du langage': 0.4508, 'No-code / Low-code': 0.4275, 'Prompt Engineering': 0.3926, 'Python': 0.5543, 'Reinforcement Learning': 0.4505, 'Series temporelles': 0.4694, 'SQL / Data Engineering': 0.5445, 'Visualisation': 0.5617}"
"[TITRE] DATA ANALYST - Python, SQL, Power BI, NumPy, Pandas, Docker… | [SECTEUR] Numérique & Informatique | [ORGANISME] SIMPLON.CO | [CERTIFICATION] RNCP | [NIVEAU] BAC+3 ou 4 : licence, master 1, maî","['Data Science', 'Python', 'SQL / Data Engineering', 'Visualisation']","['Big Data', 'Data Engineering', 'Data Science', 'LangChain / Agents RAG', 'Machine Learning', 'MLOps / Deploiement', 'Python', 'SQL / Data Engineering', 'Visualisation']","['Big Data', 'Data Engineering', 'LangChain / Agents RAG', 'Machine Learning', 'MLOps / Deploiement']",[],"['Data Science', 'Python', 'SQL / Data Engineering', 'Visualisation']","{'Automatisation': 0.4689, 'Big Data': 0.6047, 'Computer Vision': 0.5544, 'Data Engineering': 0.5713, 'Data Science': 0.6196, 'Deep Learning': 0.5573, 'Ethique IA & RGPD': 0.3912, 'Gestion de projet IA': 0.3824, 'IA Generative': 0.3836, 'LangChain / Agents RAG': 0.5032, 'Machine Learning': 0.5957, 'MLOps / Deploiement': 0.5068, 'NLP / Traitement du langage': 0.5135, 'No-code / Low-code': 0.441, 'Prompt Engineering': 0.3916, 'Python': 0.6422, 'Reinforcement Learning': 0.489, 'Series temporelles': 0.5296, 'SQL / Data Engineering': 0.5992, 'Visualisation': 0.5808}"
"[TITRE] Développeur(se) en Intelligence Artificielle (IA) | [SECTEUR] Numérique & Informatique | [ORGANISME] GRETA CENTRE-VAL DE LOIRE | [CERTIFICATION] RNCP | [NIVEAU] BAC+3 ou 4 : licence, master 1,",['Visualisation'],"['Big Data', 'Data Engineering', 'Data Science']","['Big Data', 'Data Engineering', 'Data Science']",['Visualisation'],[],"{'Automatisation': 0.4537, 'Big Data': 0.5923, 'Computer Vision': 0.4637, 'Data Engineering': 0.5398, 'Data Science': 0.6068, 'Deep Learning': 0.5225, 'Ethique IA & RGPD': 0.4027, 'Gestion de projet IA': 0.4339, 'IA Generative': 0.4431, 'LangChain / Agents RAG': 0.3954, 'Machine Learning': 0.5227, 'MLOps / Deploiement': 0.4493, 'NLP / Traitement du langage': 0.4207, 'No-code / Low-code': 0.4457, 'Prompt Engineering': 0.4081, 'Python': 0.5317, 'Reinforcement Learning': 0.3999, 'Series temporelles': 0.4224, 'SQL / Data Engineering': 0.4983, 'Visualisation': 0.527}"
[TITRE] Claude Code pour Product Managers - Produire et réviser du contenu avec l'IA Générative | [SECTEUR] Numérique & Informatique | [ORGANISME] HYMAIA | [CERTIFICATION] RS | [NIVEAU] nan | [ROME] n,"['Gestion de projet IA', 'IA Generative']","['IA Generative', 'Prompt Engineering']",['Prompt Engineering'],['Gestion de projet IA'],['IA Generative'],"{'Automatisation': 0.4975, 'Big Data': 0.358, 'Computer Vision': 0.3505, 'Data Engineering': 0.4066, 'Data Science': 0.387, 'Deep Learning': 0.4122, 'Ethique IA & RGPD': 0.5656, 'Gestion de projet IA': 0.5836, 'IA Generative': 0.62, 'LangChain / Agents RAG': 0.4141, 'Machine Learning': 0.3889, 'MLOps / Deploiement': 0.4027, 'NLP / Traitement du langage': 0.4062, 'No-code / Low-code': 0.5163, 'Prompt Engineering': 0.5999, 'Python': 0.3887, 'Reinforcement Learning': 0.3514, 'Series temporelles': 0.3681, 'SQL / Data Engineering': 0.3649, 'Visualisation': 0.388}"
"[TITRE] Développeur en intelligence artificielle - Data Engineering | [SECTEUR] Numérique & Informatique | [ORGANISME] IQ FACTORY | [CERTIFICATION] RNCP | [NIVEAU] BAC+3 ou 4 : licence, master 1, maît","['Data Engineering', 'Python']","['Big Data', 'Data Engineering', 'Data Science', 'Machine Learning', 'Python', 'SQL / Data Engineering', 'Visualisation']","['Big Data', 'Data Science', 'Machine Learning', 'SQL / Data Engineering', 'Visualisation']",[],"['Data Engineering', 'Python']","{'Automatisation': 0.4623, 'Big Data': 0.6102, 'Computer Vision': 0.5437, 'Data Engineering': 0.5664, 'Data Science': 0.6283, 'Deep Learning': 0.555, 'Ethique IA & RGPD': 0.391, 'Gestion de projet IA': 0.3889, 'IA Generative': 0.3896, 'LangChain / Agents RAG': 0.4962, 'Machine Learning': 0.5939, 'MLOps / Deploiement': 0.4824, 'NLP / Traitement du langage': 0.493, 'No-code / Low-code': 0.4412, 'Prompt Engineering': 0.3948, 'Python': 0.633, 'Reinforcement Learning': 0.4825, 'Series temporelles': 0.5219, 'SQL / Data Engineering': 0.5913, 'Visualisation': 0.5737}"
[TITRE] Professional Scrum Master - AI (PSM-AI) pour Intégrer l'intelligence artificielle dans la gestion de produit agile | [SECTEUR] Management & Gestion | [ORGANISME] ORIIONS | [CERTIFICATION] RS |,"['Ethique IA & RGPD', 'IA Generative']",['Ethique IA & RGPD'],[],['IA Generative'],['Ethique IA & RGPD'],"{'Automatisation': 0.4924, 'Big Data': 0.3767, 'Computer Vision': 0.3461, 'Data Engineering': 0.3961, 'Data Science': 0.3813, 'Deep Learning': 0.4249, 'Ethique IA & RGPD': 0.6183, 'Gestion de projet IA': 0.5912, 'IA Generative': 0.5951, 'LangChain / Agents RAG': 0.3858, 'Machine Learning': 0.4031, 'MLOps / Deploiement': 0.4075, 'NLP / Traitement du langage': 0.3876, 'No-code / Low-code': 0.4632, 'Prompt Engineering': 0.5362, 'Python': 0.3752, 'Reinforcement Learning': 0.349, 'Series temporelles': 0.3469, 'SQL / Data Engineering': 0.3405, 'Visualisation': 0.3732}"
"[TITRE] Master Bio-informatique - parcours CC4B : Compétences Complémentaires en Bioinformatique, Biostatistique pour la Biologie et les sciences biomédicales | [SECTEUR] Numérique & Informatique | [O","['Big Data', 'Python']","['Big Data', 'Data Engineering', 'Data Science', 'Machine Learning', 'Python', 'SQL / Data Engineering', 'Visualisation']","['Data Engineering', 'Data Science', 'Machine Learning', 'SQL / Data Engineering', 'Visualisation']",[],"['Big Data', 'Python']","{'Automatisation': 0.4586, 'Big Data': 0.6035, 'Computer Vision': 0.5346, 'Data Engineering': 0.5619, 'Data Science': 0.6279, 'Deep Learning': 0.548, 'Ethique IA & RGPD': 0.3923, 'Gestion de projet IA': 0.3833, 'IA Generative': 0.3863, 'LangChain / Agents RAG': 0.4794, 'Machine Learning': 0.5898, 'MLOps / Deploiement': 0.4805, 'NLP / Traitement du langage': 0.4926, 'No-code / Low-code': 0.4301, 'Prompt Engineering': 0.378, 'Python': 0.6244, 'Reinforcement Learning': 0.4706, 'Series temporelles': 0.514, 'SQL / Data Engineering': 0.5749, 'Visualisation': 0.5621}"
[TITRE] IA & Pédagogie - Concevoir des contenus pédagogiques avec IA | [SECTEUR] Numérique & Informatique | [ORGANISME] SYDO | [CERTIFICATION] RS | [NIVEAU] nan | [ROME] nan | [TAGS] ChatGPT/GPT-4 | I,"['Ethique IA & RGPD', 'IA Generative', 'Prompt Engineering']","['IA Generative', 'Prompt Engineering']",[],['Ethique IA & RGPD'],"['IA Generative', 'Prompt Engineering']","{'Automatisation': 0.4831, 'Big Data': 0.3732, 'Computer Vision': 0.3595, 'Data Engineering': 0.4188, 'Data Science': 0.3916, 'Deep Learning': 0.4203, 'Ethique IA & RGPD': 0.5759, 'Gestion de projet IA': 0.5943, 'IA Generative': 0.6288, 'LangChain / Agents RAG': 0.4231, 'Machine Learning': 0.3971, 'MLOps / Deploiement': 0.4164, 'NLP / Traitement du langage': 0.4122, 'No-code / Low-code': 0.5289, 'Prompt Engineering': 0.6583, 'Python': 0.3815, 'Reinforcement Learning': 0.3756, 'Series temporelles': 0.3881, 'SQL / Data Engineering': 0.3929, 'Visualisation': 0.418}"
[TITRE] Maîtrise de l'IA générative avec certification | [SECTEUR] Numérique & Informatique | [ORGANISME] G404 | [CERTIFICATION] RS | [NIVEAU] nan | [ROME] nan | [TAGS] IA-Générative | No-code | RS,"['Automatisation', 'IA Generative', 'No-code / Low-code']","['IA Generative', 'No-code / Low-code']",[],['Automatisation'],"['IA Generative', 'No-code / Low-code']","{'Automatisation': 0.5049, 'Big Data': 0.3927, 'Computer Vision': 0.3587, 'Data Engineering': 0.4282, 'Data Science': 0.4164, 'Deep Learning': 0.3989, 'Ethique IA & RGPD': 0.5341, 'Gestion de projet IA': 0.5621, 'IA Generative': 0.6124, 'LangChain / Agents RAG': 0.3958, 'Machine Learning': 0.3996, 'MLOps / Deploiement': 0.4035, 'NLP / Traitement du langage': 0.3887, 'No-code / Low-code': 0.5573, 'Prompt Engineering': 0.5346, 'Python': 0.406, 'Reinforcement Learning': 0.3554, 'Series temporelles': 0.3753, 'SQL / Data Engineering': 0.3876, 'Visualisation': 0.3911}"
[TITRE] Produire et réviser du contenu professionnel multimédia en utilisant les outils d'Intelligence Artificielle Générative (IAG) de façon responsable | [SECTEUR] Numérique & Informatique | [ORGANI,"['Ethique IA & RGPD', 'Gestion de projet IA', 'IA Generative', 'Prompt Engineering']","['Gestion de projet IA', 'IA Generative', 'Prompt Engineering']",[],['Ethique IA & RGPD'],"['Gestion de projet IA', 'IA Generative', 'Prompt Engineering']","{'Automatisation': 0.4734, 'Big Data': 0.379, 'Computer Vision': 0.3487, 'Data Engineering': 0.4159, 'Data Science': 0.3928, 'Deep Learning': 0.4247, 'Ethique IA & RGPD': 0.5874, 'Gestion de projet IA': 0.6124, 'IA Generative': 0.6234, 'LangChain / Agents RAG': 0.4054, 'Machine Learning': 0.3984, 'MLOps / Deploiement': 0.4128, 'NLP / Traitement du langage': 0.4042, 'No-code / Low-code': 0.5168, 'Prompt Engineering': 0.6481, 'Python': 0.3703, 'Reinforcement Learning': 0.3671, 'Series temporelles': 0.3789, 'SQL / Data Engineering': 0.371, 'Visualisation': 0.4045}"
"[TITRE] Liora - DataScientest - Prompt Engineering & GenAI | [SECTEUR] Numérique & Informatique | [ORGANISME] DATASCIENTEST | [CERTIFICATION] RNCP | [NIVEAU] BAC+3 ou 4 : licence, master 1, maîtrise (","['Ethique IA & RGPD', 'IA Generative', 'No-code / Low-code', 'Prompt Engineering']",[],[],"['Ethique IA & RGPD', 'IA Generative', 'No-code / Low-code', 'Prompt Engineering']",[],"{'Automatisation': 0.456, 'Big Data': 0.4157, 'Computer Vision': 0.3735, 'Data Engineering': 0.4513, 'Data Science': 0.4516, 'Deep Learning': 0.4361, 'Ethique IA & RGPD': 0.5123, 'Gestion de projet IA': 0.5364, 'IA Generative': 0.5758, 'LangChain / Agents RAG': 0.434, 'Machine Learning': 0.416, 'MLOps / Deploiement': 0.4232, 'NLP / Traitement du langage': 0.4105, 'No-code / Low-code': 0.5175, 'Prompt Engineering': 0.5636, 'Python': 0.4164, 'Reinforcement Learning': 0.35, 'Series temporelles': 0.3846, 'SQL / Data Engineering': 0.3984, 'Visualisation': 0.4245}"
"[TITRE] DATA ANALYST | [SECTEUR] Numérique & Informatique | [ORGANISME] SIMPLON.CO | [CERTIFICATION] RNCP | [NIVEAU] BAC+3 ou 4 : licence, master 1, maîtrise (NIVEAU 6) | [ROME] M1403, M1805 | [TAGS] ",['Data Science'],"['Big Data', 'Data Engineering', 'Data Science']","['Big Data', 'Data Engineering']",[],['Data Science'],"{'Automatisation': 0.4143, 'Big Data': 0.5959, 'Computer Vision': 0.4142, 'Data Engineering': 0.5423, 'Data Science': 0.6335, 'Deep Learning': 0.4997, 'Ethique IA & RGPD': 0.4255, 'Gestion de projet IA': 0.4523, 'IA Generative': 0.4497, 'LangChain / Agents RAG': 0.394, 'Machine Learning': 0.5128, 'MLOps / Deploiement': 0.4463, 'NLP / Traitement du langage': 0.4024, 'No-code / Low-code': 0.4497, 'Prompt Engineering': 0.3954, 'Python': 0.4914, 'Reinforcement Learning': 0.3787, 'Series temporelles': 0.4045, 'SQL / Data Engineering': 0.4617, 'Visualisation': 0.487}"
[TITRE] Démarrer en Data Science avec Python - BC01 : Automatiser la collecte et le traitement des données | [SECTEUR] Numérique & Informatique | [ORGANISME] LE WAGON | [CERTIFICATION] RNCP | [NIVEAU],"['Data Engineering', 'Ethique IA & RGPD', 'Python', 'SQL / Data Engineering']","['Data Engineering', 'Data Science', 'LangChain / Agents RAG', 'Machine Learning', 'MLOps / Deploiement', 'Python', 'SQL / Data Engineering', 'Visualisation']","['Data Science', 'LangChain / Agents RAG', 'Machine Learning', 'MLOps / Deploiement', 'Visualisation']",['Ethique IA & RGPD'],"['Data Engineering', 'Python', 'SQL / Data Engineering']","{'Automatisation': 0.4856, 'Big Data': 0.5836, 'Computer Vision': 0.5589, 'Data Engineering': 0.5542, 'Data Science': 0.6062, 'Deep Learning': 0.5632, 'Ethique IA & RGPD': 0.3989, 'Gestion de projet IA': 0.383, 'IA Generative': 0.3842, 'LangChain / Agents RAG': 0.5098, 'Machine Learning': 0.5929, 'MLOps / Deploiement': 0.4995, 'NLP / Traitement du langage': 0.5219, 'No-code / Low-code': 0.4342, 'Prompt Engineering': 0.3885, 'Python': 0.6553, 'Reinforcement Learning': 0.4934, 'Series temporelles': 0.5319, 'SQL / Data Engineering': 0.5799, 'Visualisation': 0.565}"
[TITRE] Data Analyst avec Excel (certification TOSA Excel RS7256 incluse) | [SECTEUR] Numérique & Informatique | [ORGANISME] SKILLS4ALL | [CERTIFICATION] RS | [NIVEAU] nan | [ROME] nan | [TAGS] Data-S,['Data Science'],"['Big Data', 'Data Engineering', 'Data Science', 'Machine Learning', 'Visualisation']","['Big Data', 'Data Engineering', 'Machine Learning', 'Visualisation']",[],['Data Science'],"{'Automatisation': 0.4633, 'Big Data': 0.6114, 'Computer Vision': 0.52, 'Data Engineering': 0.5626, 'Data Science': 0.6518, 'Deep Learning': 0.5437, 'Ethique IA & RGPD': 0.386, 'Gestion de projet IA': 0.3869, 'IA Generative': 0.3866, 'LangChain / Agents RAG': 0.4477, 'Machine Learning': 0.5777, 'MLOps / Deploiement': 0.4899, 'NLP / Traitement du langage': 0.4903, 'No-code / Low-code': 0.421, 'Prompt Engineering': 0.3669, 'Python': 0.5892, 'Reinforcement Learning': 0.4508, 'Series temporelles': 0.5027, 'SQL / Data Engineering': 0.54, 'Visualisation': 0.541}"
[TITRE] Expert en systèmes d'information et sécurité | [SECTEUR] Numérique & Informatique | [ORGANISME] ECOLE SUPERIEURE D INFORMATIQUE ET DE COMMERCE | [CERTIFICATION] RNCP | [NIVEAU] BAC+5 : grade m,"['Big Data', 'Data Engineering']","['Big Data', 'Data Engineering', 'Data Science', 'Machine Learning']","['Data Science', 'Machine Learning']",[],"['Big Data', 'Data Engineering']","{'Automatisation': 0.4028, 'Big Data': 0.6718, 'Computer Vision': 0.4812, 'Data Engineering': 0.5866, 'Data Science': 0.6583, 'Deep Learning': 0.5627, 'Ethique IA & RGPD': 0.4091, 'Gestion de projet IA': 0.4149, 'IA Generative': 0.3963, 'LangChain / Agents RAG': 0.4235, 'Machine Learning': 0.5707, 'MLOps / Deploiement': 0.4794, 'NLP / Traitement du langage': 0.4416, 'No-code / Low-code': 0.4158, 'Prompt Engineering': 0.3889, 'Python': 0.515, 'Reinforcement Learning': 0.451, 'Series temporelles': 0.4508, 'SQL / Data Engineering': 0.5096, 'Visualisation': 0.5344}"
"[TITRE] Développeur IA Agentique | [SECTEUR] Numérique & Informatique | [ORGANISME] SIMPLON.CO | [CERTIFICATION] RNCP | [NIVEAU] BAC+3 ou 4 : licence, master 1, maîtrise (NIVEAU 6) | [ROME] M1805 | [T","['Automatisation', 'IA Generative', 'LangChain / Agents RAG']",[],[],"['Automatisation', 'IA Generative', 'LangChain / Agents RAG']",[],"{'Automatisation': 0.488, 'Big Data': 0.3842, 'Computer Vision': 0.3624, 'Data Engineering': 0.4176, 'Data Science': 0.3886, 'Deep Learning': 0.4206, 'Ethique IA & RGPD': 0.5526, 'Gestion de projet IA': 0.5544, 'IA Generative': 0.5935, 'LangChain / Agents RAG': 0.4654, 'Machine Learning': 0.4054, 'MLOps / Deploiement': 0.4282, 'NLP / Traitement du langage': 0.415, 'No-code / Low-code': 0.4792, 'Prompt Engineering': 0.532, 'Python': 0.3943, 'Reinforcement Learning': 0.3641, 'Series temporelles': 0.372, 'SQL / Data Engineering': 0.3667, 'Visualisation': 0.3944}"
[TITRE] Certificat Executive Generative AI for Business & Data Management | [SECTEUR] Numérique & Informatique | [ORGANISME] NEOMA BUSINESS SCHOOL | [CERTIFICATION] RNCP | [NIVEAU] BAC+5 : grade maste,"['Ethique IA & RGPD', 'IA Generative']",['Ethique IA & RGPD'],[],['IA Generative'],['Ethique IA & RGPD'],"{'Automatisation': 0.4707, 'Big Data': 0.4112, 'Computer Vision': 0.3448, 'Data Engineering': 0.4109, 'Data Science': 0.4055, 'Deep Learning': 0.439, 'Ethique IA & RGPD': 0.6125, 'Gestion de projet IA': 0.5774, 'IA Generative': 0.577, 'LangChain / Agents RAG': 0.3772, 'Machine Learning': 0.4175, 'MLOps / Deploiement': 0.4128, 'NLP / Traitement du langage': 0.3812, 'No-code / Low-code': 0.4515, 'Prompt Engineering': 0.5095, 'Python': 0.3757, 'Reinforcement Learning': 0.3496, 'Series temporelles': 0.3429, 'SQL / Data Engineering': 0.3461, 'Visualisation': 0.3756}"
[TITRE] Fullstack IA - BC02 & BC03 - Mettre en oeuvre des pipelines de données et déployer des architecture de données | [SECTEUR] Numérique & Informatique | [ORGANISME] JEDHA | [CERTIFICATION] RNCP |,"['Data Engineering', 'Deep Learning', 'Machine Learning', 'Python']","['Big Data', 'Data Engineering', 'Data Science', 'Machine Learning', 'MLOps / Deploiement', 'Python', 'SQL / Data Engineering', 'Visualisation']","['Big Data', 'Data Science', 'MLOps / Deploiement', 'SQL / Data Engineering', 'Visualisation']",['Deep Learning'],"['Data Engineering', 'Machine Learning', 'Python']","{'Automatisation': 0.4704, 'Big Data': 0.5951, 'Computer Vision': 0.5453, 'Data Engineering': 0.5575, 'Data Science': 0.6127, 'Deep Learning': 0.558, 'Ethique IA & RGPD': 0.3946, 'Gestion de projet IA': 0.3848, 'IA Generative': 0.3885, 'LangChain / Agents RAG': 0.4993, 'Machine Learning': 0.5901, 'MLOps / Deploiement': 0.495, 'NLP / Traitement du langage': 0.5075, 'No-code / Low-code': 0.4287, 'Prompt Engineering': 0.3817, 'Python': 0.6372, 'Reinforcement Learning': 0.4823, 'Series temporelles': 0.5273, 'SQL / Data Engineering': 0.5861, 'Visualisation': 0.5622}"
[TITRE] Excel pour les Data analysts / Data scientists - Coaching personnalisé | [SECTEUR] Numérique & Informatique | [ORGANISME] Les Erudits | [CERTIFICATION] RS | [NIVEAU] nan | [ROME] nan | [TAGS] ,"['Automatisation', 'Data Science']","['Automatisation', 'Data Engineering', 'Data Science']",['Data Engineering'],[],"['Automatisation', 'Data Science']","{'Automatisation': 0.5262, 'Big Data': 0.5605, 'Computer Vision': 0.4925, 'Data Engineering': 0.532, 'Data Science': 0.5928, 'Deep Learning': 0.5294, 'Ethique IA & RGPD': 0.4191, 'Gestion de projet IA': 0.4203, 'IA Generative': 0.4175, 'LangChain / Agents RAG': 0.4212, 'Machine Learning': 0.5536, 'MLOps / Deploiement': 0.4601, 'NLP / Traitement du langage': 0.4667, 'No-code / Low-code': 0.4181, 'Prompt Engineering': 0.3897, 'Python': 0.571, 'Reinforcement Learning': 0.4341, 'Series temporelles': 0.465, 'SQL / Data Engineering': 0.502, 'Visualisation': 0.5117}"
[TITRE] [ITM119] - Pratiquer l'IA générative | [SECTEUR] Numérique & Informatique | [ORGANISME] DEMOS | [CERTIFICATION] RS | [NIVEAU] nan | [ROME] nan | [TAGS] Deep-Learning | IA-Générative | RS,"['Deep Learning', 'IA Generative', 'Machine Learning']",['Machine Learning'],[],"['Deep Learning', 'IA Generative']",['Machine Learning'],"{'Automatisation': 0.4757, 'Big Data': 0.5315, 'Computer Vision': 0.5022, 'Data Engineering': 0.472, 'Data Science': 0.5167, 'Deep Learning': 0.6062, 'Ethique IA & RGPD': 0.4493, 'Gestion de projet IA': 0.4204, 'IA Generative': 0.4466, 'LangChain / Agents RAG': 0.3971, 'Machine Learning': 0.5736, 'MLOps / Deploiement': 0.4357, 'NLP / Traitement du langage': 0.4495, 'No-code / Low-code': 0.3892, 'Prompt Engineering': 0.3982, 'Python': 0.5116, 'Reinforcement Learning': 0.4982, 'Series temporelles': 0.4076, 'SQL / Data Engineering': 0.4272, 'Visualisation': 0.428}"
[TITRE] Développeur en intelligence artificielle - GRETA DE BESANCON | [SECTEUR] Numérique & Informatique | [ORGANISME] LYCEE POLYVALENT JULES HAAG | [CERTIFICATION] RNCP | [NIVEAU] BAC+3 ou 4 : licen,"['Data Science', 'Ethique IA & RGPD', 'Machine Learning']",[],[],"['Data Science', 'Ethique IA & RGPD', 'Machine Learning']",[],"{'Automatisation': 0.4474, 'Big Data': 0.5205, 'Computer Vision': 0.4495, 'Data Engineering': 0.4635, 'Data Science': 0.4989, 'Deep Learning': 0.5801, 'Ethique IA & RGPD': 0.5243, 'Gestion de projet IA': 0.4815, 'IA Generative': 0.4531, 'LangChain / Agents RAG': 0.3888, 'Machine Learning': 0.5397, 'MLOps / Deploiement': 0.438, 'NLP / Traitement du langage': 0.413, 'No-code / Low-code': 0.3837, 'Prompt Engineering': 0.4191, 'Python': 0.4544, 'Reinforcement Learning': 0.4579, 'Series temporelles': 0.3712, 'SQL / Data Engineering': 0.3962, 'Visualisation': 0.4142}"
"[TITRE] Manager de projet intelligence artificielle | [SECTEUR] Numérique & Informatique | [ORGANISME] INSTITUT MINES TELECOM | [CERTIFICATION] RNCP | [NIVEAU] BAC+5 : grade master, DEA, DESS, ingénie","['Ethique IA & RGPD', 'Gestion de projet IA', 'MLOps / Deploiement', 'NLP / Traitement du langage']",[],[],"['Ethique IA & RGPD', 'Gestion de projet IA', 'MLOps / Deploiement', 'NLP / Traitement du langage']",[],"{'Automatisation': 0.4295, 'Big Data': 0.4426, 'Computer Vision': 0.3343, 'Data Engineering': 0.4583, 'Data Science': 0.4512, 'Deep Learning': 0.453, 'Ethique IA & RGPD': 0.548, 'Gestion de projet IA': 0.593, 'IA Generative': 0.5589, 'LangChain / Agents RAG': 0.3894, 'Machine Learning': 0.4305, 'MLOps / Deploiement': 0.4634, 'NLP / Traitement du langage': 0.3911, 'No-code / Low-code': 0.4548, 'Prompt Engineering': 0.4874, 'Python': 0.3684, 'Reinforcement Learning': 0.3685, 'Series temporelles': 0.3567, 'SQL / Data Engineering': 0.3468, 'Visualisation': 0.3899}"
"[TITRE] Data Analyst IA | [SECTEUR] Numérique & Informatique | [ORGANISME] DATA SUITS | [CERTIFICATION] RNCP | [NIVEAU] BAC+3 ou 4 : licence, master 1, maîtrise (NIVEAU 6) | [ROME] M1805 | [TAGS] RNCP","['Data Science', 'SQL / Data Engineering', 'Visualisation']","['Big Data', 'Data Engineering', 'Data Science', 'Machine Learning', 'SQL / Data Engineering', 'Visualisation']","['Big Data', 'Data Engineering', 'Machine Learning']",[],"['Data Science', 'SQL / Data Engineering', 'Visualisation']","{'Automatisation': 0.4582, 'Big Data': 0.6264, 'Computer Vision': 0.5323, 'Data Engineering': 0.5768, 'Data Science': 0.6432, 'Deep Learning': 0.5501, 'Ethique IA & RGPD': 0.3925, 'Gestion de projet IA': 0.3895, 'IA Generative': 0.3897, 'LangChain / Agents RAG': 0.4689, 'Machine Learning': 0.5862, 'MLOps / Deploiement': 0.4898, 'NLP / Traitement du langage': 0.4822, 'No-code / Low-code': 0.447, 'Prompt Engineering': 0.3975, 'Python': 0.6047, 'Reinforcement Learning': 0.466, 'Series temporelles': 0.5057, 'SQL / Data Engineering': 0.5957, 'Visualisation': 0.5861}"
[TITRE] Maîtriser l'intelligence artificielle pour automatiser et développer son activité professionnelle | [SECTEUR] Numérique & Informatique | [ORGANISME] E-PETITPAS.PRO | [CERTIFICATION] RNCP | [NI,"['Automatisation', 'Ethique IA & RGPD', 'IA Generative']","['Ethique IA & RGPD', 'IA Generative']",[],['Automatisation'],"['Ethique IA & RGPD', 'IA Generative']","{'Automatisation': 0.4972, 'Big Data': 0.3621, 'Computer Vision': 0.3471, 'Data Engineering': 0.3914, 'Data Science': 0.3693, 'Deep Learning': 0.4188, 'Ethique IA & RGPD': 0.6114, 'Gestion de projet IA': 0.595, 'IA Generative': 0.615, 'LangChain / Agents RAG': 0.403, 'Machine Learning': 0.3949, 'MLOps / Deploiement': 0.4066, 'NLP / Traitement du langage': 0.3981, 'No-code / Low-code': 0.4767, 'Prompt Engineering': 0.5685, 'Python': 0.3759, 'Reinforcement Learning': 0.3516, 'Series temporelles': 0.3575, 'SQL / Data Engineering': 0.3464, 'Visualisation': 0.3754}"
[TITRE] Maîtriser l'IA générative pour la conception de contenus pédagogiques et marketing – MSCPF | [SECTEUR] Numérique & Informatique | [ORGANISME] MANAGER'SOLUTION | [CERTIFICATION] RS | [NIVEAU] n,"['Ethique IA & RGPD', 'Gestion de projet IA', 'IA Generative', 'LangChain / Agents RAG']",['Prompt Engineering'],['Prompt Engineering'],"['Ethique IA & RGPD', 'Gestion de projet IA', 'IA Generative', 'LangChain / Agents RAG']",[],"{'Automatisation': 0.4912, 'Big Data': 0.3782, 'Computer Vision': 0.3572, 'Data Engineering': 0.4057, 'Data Science': 0.3858, 'Deep Learning': 0.4266, 'Ethique IA & RGPD': 0.5828, 'Gestion de projet IA': 0.5971, 'IA Generative': 0.5935, 'LangChain / Agents RAG': 0.4584, 'Machine Learning': 0.4049, 'MLOps / Deploiement': 0.4264, 'NLP / Traitement du langage': 0.416, 'No-code / Low-code': 0.4793, 'Prompt Engineering': 0.5734, 'Python': 0.3891, 'Reinforcement Learning': 0.3694, 'Series temporelles': 0.381, 'SQL / Data Engineering': 0.3505, 'Visualisation': 0.3857}"
"[TITRE] Développeur Python IA : Intégrer l'IA (Claude, ChatGPT, ...) dans des Applications Web Sécurisées | [SECTEUR] Numérique & Informatique | [ORGANISME] NGN FORMATION PRODUCTION | [CERTIFICATION] ","['IA Generative', 'Python', 'SQL / Data Engineering']",[],[],"['IA Generative', 'Python', 'SQL / Data Engineering']",[],"{'Automatisation': 0.5096, 'Big Data': 0.4742, 'Computer Vision': 0.4522, 'Data Engineering': 0.4763, 'Data Science': 0.4947, 'Deep Learning': 0.4827, 'Ethique IA & RGPD': 0.4793, 'Gestion de projet IA': 0.4723, 'IA Generative': 0.5064, 'LangChain / Agents RAG': 0.4599, 'Machine Learning': 0.5025, 'MLOps / Deploiement': 0.4226, 'NLP / Traitement du langage': 0.4417, 'No-code / Low-code': 0.4835, 'Prompt Engineering': 0.4681, 'Python': 0.5708, 'Reinforcement Learning': 0.3845, 'Series temporelles': 0.4304, 'SQL / Data Engineering': 0.4979, 'Visualisation': 0.4908}"
[TITRE] PRODUIRE ET RÉVISER DU CONTENU MULTIMÉDIA AVEC L'IA GÉNÉRATIVE | [SECTEUR] Numérique & Informatique | [ORGANISME] F3DF | [CERTIFICATION] RS | [NIVEAU] nan | [ROME] nan | [TAGS] IA-Générative |,"['Automatisation', 'IA Generative', 'Prompt Engineering']","['IA Generative', 'Prompt Engineering']",[],['Automatisation'],"['IA Generative', 'Prompt Engineering']","{'Automatisation': 0.4818, 'Big Data': 0.3791, 'Computer Vision': 0.3597, 'Data Engineering': 0.4198, 'Data Science': 0.3938, 'Deep Learning': 0.421, 'Ethique IA & RGPD': 0.5785, 'Gestion de projet IA': 0.593, 'IA Generative': 0.625, 'LangChain / Agents RAG': 0.4144, 'Machine Learning': 0.3978, 'MLOps / Deploiement': 0.4145, 'NLP / Traitement du langage': 0.4075, 'No-code / Low-code': 0.5261, 'Prompt Engineering': 0.657, 'Python': 0.378, 'Reinforcement Learning': 0.3735, 'Series temporelles': 0.3854, 'SQL / Data Engineering': 0.3913, 'Visualisation': 0.4169}"
[TITRE] Former avec l'IA de façon efficace et responsable - Produire et réviser du contenu professionnel multimédia en utilisant l'Intelligence Artificielle G | [SECTEUR] Numérique & Informatique | [O,"['Ethique IA & RGPD', 'Gestion de projet IA', 'IA Generative', 'Machine Learning']","['Ethique IA & RGPD', 'Gestion de projet IA', 'IA Generative', 'Prompt Engineering']",['Prompt Engineering'],['Machine Learning'],"['Ethique IA & RGPD', 'Gestion de projet IA', 'IA Generative']","{'Automatisation': 0.4832, 'Big Data': 0.3654, 'Computer Vision': 0.3411, 'Data Engineering': 0.3968, 'Data Science': 0.3766, 'Deep Learning': 0.4119, 'Ethique IA & RGPD': 0.5932, 'Gestion de projet IA': 0.615, 'IA Generative': 0.6226, 'LangChain / Agents RAG': 0.3929, 'Machine Learning': 0.392, 'MLOps / Deploiement': 0.4015, 'NLP / Traitement du langage': 0.3932, 'No-code / Low-code': 0.4905, 'Prompt Engineering': 0.5847, 'Python': 0.3679, 'Reinforcement Learning': 0.3475, 'Series temporelles': 0.3576, 'SQL / Data Engineering': 0.3419, 'Visualisation': 0.3757}"
[TITRE] Master 1 Mathématiques Appliquées et statistique - Modélisation statistique et stochastique | [SECTEUR] Numérique & Informatique | [ORGANISME] UNIVERSITE DE BORDEAUX | [CERTIFICATION] RNCP | [,['Data Science'],"['Big Data', 'Data Engineering', 'Data Science']","['Big Data', 'Data Engineering']",[],['Data Science'],"{'Automatisation': 0.4103, 'Big Data': 0.644, 'Computer Vision': 0.4529, 'Data Engineering': 0.5752, 'Data Science': 0.6602, 'Deep Learning': 0.5303, 'Ethique IA & RGPD': 0.4051, 'Gestion de projet IA': 0.4246, 'IA Generative': 0.4092, 'LangChain / Agents RAG': 0.4117, 'Machine Learning': 0.543, 'MLOps / Deploiement': 0.4726, 'NLP / Traitement du langage': 0.4311, 'No-code / Low-code': 0.4243, 'Prompt Engineering': 0.3865, 'Python': 0.51, 'Reinforcement Learning': 0.417, 'Series temporelles': 0.4405, 'SQL / Data Engineering': 0.4932, 'Visualisation': 0.5223}"
"[TITRE] Fullstack et Lead IA - Architecte en Intelligence Artificielle | [SECTEUR] Numérique & Informatique | [ORGANISME] JEDHA | [CERTIFICATION] RNCP | [NIVEAU] BAC+5 : grade master, DEA, DESS, ingén","['Gestion de projet IA', 'IA Generative', 'LangChain / Agents RAG', 'MLOps / Deploiement']","['Big Data', 'Data Engineering', 'Data Science', 'Machine Learning', 'MLOps / Deploiement', 'Python', 'SQL / Data Engineering', 'Visualisation']","['Big Data', 'Data Engineering', 'Data Science', 'Machine Learning', 'Python', 'SQL / Data Engineering', 'Visualisation']","['Gestion de projet IA', 'IA Generative', 'LangChain / Agents RAG']",['MLOps / Deploiement'],"{'Automatisation': 0.4702, 'Big Data': 0.597, 'Computer Vision': 0.5444, 'Data Engineering': 0.5587, 'Data Science': 0.6095, 'Deep Learning': 0.5611, 'Ethique IA & RGPD': 0.3958, 'Gestion de projet IA': 0.3826, 'IA Generative': 0.3907, 'LangChain / Agents RAG': 0.4959, 'Machine Learning': 0.5887, 'MLOps / Deploiement': 0.4918, 'NLP / Traitement du langage': 0.5055, 'No-code / Low-code': 0.4288, 'Prompt Engineering': 0.381, 'Python': 0.6369, 'Reinforcement Learning': 0.4785, 'Series temporelles': 0.5204, 'SQL / Data Engineering': 0.5855, 'Visualisation': 0.5614}"
[TITRE] BUREAUTIQUE- EXCEL niveau EXPERT | [SECTEUR] Numérique & Informatique | [ORGANISME] ACKWARE | [CERTIFICATION] RS | [NIVEAU] nan | [ROME] nan | [TAGS] Big-Data | RS | Visualisation | niveau-exp,"['Big Data', 'Visualisation']","['Big Data', 'Data Engineering', 'Data Science', 'Machine Learning', 'Visualisation']","['Data Engineering', 'Data Science', 'Machine Learning']",[],"['Big Data', 'Visualisation']","{'Automatisation': 0.4433, 'Big Data': 0.6521, 'Computer Vision': 0.5126, 'Data Engineering': 0.5754, 'Data Science': 0.6497, 'Deep Learning': 0.5508, 'Ethique IA & RGPD': 0.3912, 'Gestion de projet IA': 0.3878, 'IA Generative': 0.3924, 'LangChain / Agents RAG': 0.4321, 'Machine Learning': 0.5684, 'MLOps / Deploiement': 0.4738, 'NLP / Traitement du langage': 0.4553, 'No-code / Low-code': 0.426, 'Prompt Engineering': 0.3762, 'Python': 0.5729, 'Reinforcement Learning': 0.4482, 'Series temporelles': 0.4723, 'SQL / Data Engineering': 0.5405, 'Visualisation': 0.5574}"
"[TITRE] Executive MBA Finance de marché et gestion des risques | [SECTEUR] Banque, Finance & Assurance | [ORGANISME] ECOLE SUP LIBRE SCIENC COM APPLIQUEES | [CERTIFICATION] RNCP | [NIVEAU] BAC+5 : gra","['Ethique IA & RGPD', 'Machine Learning']",[],[],"['Ethique IA & RGPD', 'Machine Learning']",[],"{'Automatisation': 0.4392, 'Big Data': 0.5233, 'Computer Vision': 0.4276, 'Data Engineering': 0.4664, 'Data Science': 0.4931, 'Deep Learning': 0.5721, 'Ethique IA & RGPD': 0.531, 'Gestion de projet IA': 0.497, 'IA Generative': 0.4708, 'LangChain / Agents RAG': 0.3904, 'Machine Learning': 0.5336, 'MLOps / Deploiement': 0.4405, 'NLP / Traitement du langage': 0.4158, 'No-code / Low-code': 0.3901, 'Prompt Engineering': 0.432, 'Python': 0.4322, 'Reinforcement Learning': 0.4505, 'Series temporelles': 0.3679, 'SQL / Data Engineering': 0.3829, 'Visualisation': 0.4067}"
"[TITRE] Python Fundamentals for Data Science | [SECTEUR] Numérique & Informatique | [ORGANISME] ADG | [CERTIFICATION] RNCP | [NIVEAU] BAC+5 : grade master, DEA, DESS, ingénieur... (NIVEAU 7) | [ROME] ","['Data Science', 'Python', 'Visualisation']","['Big Data', 'Data Engineering', 'Data Science', 'LangChain / Agents RAG', 'Machine Learning', 'MLOps / Deploiement', 'Python', 'SQL / Data Engineering', 'Visualisation']","['Big Data', 'Data Engineering', 'LangChain / Agents RAG', 'Machine Learning', 'MLOps / Deploiement', 'SQL / Data Engineering']",[],"['Data Science', 'Python', 'Visualisation']","{'Automatisation': 0.4729, 'Big Data': 0.5932, 'Computer Vision': 0.5545, 'Data Engineering': 0.5582, 'Data Science': 0.6145, 'Deep Learning': 0.5604, 'Ethique IA & RGPD': 0.3954, 'Gestion de projet IA': 0.3825, 'IA Generative': 0.3855, 'LangChain / Agents RAG': 0.5066, 'Machine Learning': 0.5931, 'MLOps / Deploiement': 0.4965, 'NLP / Traitement du langage': 0.5122, 'No-code / Low-code': 0.4351, 'Prompt Engineering': 0.3826, 'Python': 0.6525, 'Reinforcement Learning': 0.496, 'Series temporelles': 0.5293, 'SQL / Data Engineering': 0.582, 'Visualisation': 0.5669}"
[TITRE] Utiliser l'IA pour le scénario | [SECTEUR] Numérique & Informatique | [ORGANISME] THE MEDIA FACULTY 2 | [CERTIFICATION] RS | [NIVEAU] nan | [ROME] nan | [TAGS] IA-Générative | Machine-Learning,"['IA Generative', 'Machine Learning']",[],[],"['IA Generative', 'Machine Learning']",[],"{'Automatisation': 0.4857, 'Big Data': 0.475, 'Computer Vision': 0.4647, 'Data Engineering': 0.4428, 'Data Science': 0.4715, 'Deep Learning': 0.565, 'Ethique IA & RGPD': 0.4764, 'Gestion de projet IA': 0.4634, 'IA Generative': 0.4908, 'LangChain / Agents RAG': 0.3877, 'Machine Learning': 0.548, 'MLOps / Deploiement': 0.4163, 'NLP / Traitement du langage': 0.4354, 'No-code / Low-code': 0.4034, 'Prompt Engineering': 0.4414, 'Python': 0.4838, 'Reinforcement Learning': 0.4705, 'Series temporelles': 0.3812, 'SQL / Data Engineering': 0.3931, 'Visualisation': 0.3963}"
[TITRE] NEOMA - Certificat Executive Generative AI for Business (PARTENARIAT JEDHA) | [SECTEUR] Numérique & Informatique | [ORGANISME] NEOMA BUSINESS SCHOOL | [CERTIFICATION] RNCP | [NIVEAU] BAC+5 : g,"['Ethique IA & RGPD', 'Gestion de projet IA', 'IA Generative']",['IA Generative'],[],"['Ethique IA & RGPD', 'Gestion de projet IA']",['IA Generative'],"{'Automatisation': 0.4571, 'Big Data': 0.3982, 'Computer Vision': 0.3315, 'Data Engineering': 0.4284, 'Data Science': 0.4129, 'Deep Learning': 0.415, 'Ethique IA & RGPD': 0.5481, 'Gestion de projet IA': 0.5695, 'IA Generative': 0.6067, 'LangChain / Agents RAG': 0.4067, 'Machine Learning': 0.3973, 'MLOps / Deploiement': 0.4157, 'NLP / Traitement du langage': 0.3975, 'No-code / Low-code': 0.5039, 'Prompt Engineering': 0.5585, 'Python': 0.3702, 'Reinforcement Learning': 0.35, 'Series temporelles': 0.3562, 'SQL / Data Engineering': 0.3566, 'Visualisation': 0.3928}"
"[TITRE] Intelligence artificielle et données - RNCP38161BC01 | [SECTEUR] Numérique & Informatique | [ORGANISME] UNIVERSITE DE MONTPELLIER | [CERTIFICATION] RNCP | [NIVEAU] BAC+5 : grade master, DEA, D",['IA Generative'],[],[],['IA Generative'],[],"{'Automatisation': 0.4649, 'Big Data': 0.4159, 'Computer Vision': 0.3377, 'Data Engineering': 0.4163, 'Data Science': 0.4216, 'Deep Learning': 0.4343, 'Ethique IA & RGPD': 0.5389, 'Gestion de projet IA': 0.5552, 'IA Generative': 0.5934, 'LangChain / Agents RAG': 0.3594, 'Machine Learning': 0.4158, 'MLOps / Deploiement': 0.3965, 'NLP / Traitement du langage': 0.3751, 'No-code / Low-code': 0.4434, 'Prompt Engineering': 0.4809, 'Python': 0.3777, 'Reinforcement Learning': 0.3455, 'Series temporelles': 0.3341, 'SQL / Data Engineering': 0.3418, 'Visualisation': 0.3674}"
[TITRE] Master Bio-informatique - Parcours Informatique pour la biologie et la santé (IBiSa) 2ème année | [SECTEUR] Numérique & Informatique | [ORGANISME] UNIVERSITE DE RENNES | [CERTIFICATION] RNCP |,['Big Data'],"['Big Data', 'Data Engineering', 'Data Science', 'Machine Learning', 'Python', 'Visualisation']","['Data Engineering', 'Data Science', 'Machine Learning', 'Python', 'Visualisation']",[],['Big Data'],"{'Automatisation': 0.4577, 'Big Data': 0.6061, 'Computer Vision': 0.5211, 'Data Engineering': 0.5589, 'Data Science': 0.6264, 'Deep Learning': 0.544, 'Ethique IA & RGPD': 0.3947, 'Gestion de projet IA': 0.3877, 'IA Generative': 0.3939, 'LangChain / Agents RAG': 0.4779, 'Machine Learning': 0.5825, 'MLOps / Deploiement': 0.4728, 'NLP / Traitement du langage': 0.4795, 'No-code / Low-code': 0.4331, 'Prompt Engineering': 0.3795, 'Python': 0.6213, 'Reinforcement Learning': 0.4629, 'Series temporelles': 0.502, 'SQL / Data Engineering': 0.5646, 'Visualisation': 0.5575}"
"[TITRE] Data Analyst - RNCP Niveau 6 | [SECTEUR] Numérique & Informatique | [ORGANISME] IRONHACK FRANCE | [CERTIFICATION] RNCP | [NIVEAU] BAC+3 ou 4 : licence, master 1, maîtrise (NIVEAU 6) | [ROME] M","['Data Science', 'IA Generative', 'Python', 'SQL / Data Engineering']","['Data Engineering', 'LangChain / Agents RAG', 'Machine Learning', 'Python', 'SQL / Data Engineering', 'Visualisation']","['Data Engineering', 'LangChain / Agents RAG', 'Machine Learning', 'Visualisation']","['Data Science', 'IA Generative']","['Python', 'SQL / Data Engineering']","{'Automatisation': 0.4784, 'Big Data': 0.5635, 'Computer Vision': 0.5442, 'Data Engineering': 0.5398, 'Data Science': 0.5897, 'Deep Learning': 0.5345, 'Ethique IA & RGPD': 0.4087, 'Gestion de projet IA': 0.4022, 'IA Generative': 0.4093, 'LangChain / Agents RAG': 0.5109, 'Machine Learning': 0.5772, 'MLOps / Deploiement': 0.4815, 'NLP / Traitement du langage': 0.5013, 'No-code / Low-code': 0.4626, 'Prompt Engineering': 0.409, 'Python': 0.6488, 'Reinforcement Learning': 0.4744, 'Series temporelles': 0.5226, 'SQL / Data Engineering': 0.5889, 'Visualisation': 0.5635}"
"[TITRE] Bachelor IT - Développeur en intelligence artificielle & data | [SECTEUR] Numérique & Informatique | [ORGANISME] LA PLATEFORME FORMATION | [CERTIFICATION] RNCP | [NIVEAU] BAC+3 ou 4 : licence,","['Automatisation', 'Big Data', 'Data Engineering', 'Deep Learning']","['Big Data', 'Data Engineering', 'Machine Learning']",['Machine Learning'],"['Automatisation', 'Deep Learning']","['Big Data', 'Data Engineering']","{'Automatisation': 0.4809, 'Big Data': 0.5973, 'Computer Vision': 0.5252, 'Data Engineering': 0.532, 'Data Science': 0.5827, 'Deep Learning': 0.6177, 'Ethique IA & RGPD': 0.4077, 'Gestion de projet IA': 0.3991, 'IA Generative': 0.3996, 'LangChain / Agents RAG': 0.4232, 'Machine Learning': 0.5979, 'MLOps / Deploiement': 0.4753, 'NLP / Traitement du langage': 0.4739, 'No-code / Low-code': 0.383, 'Prompt Engineering': 0.374, 'Python': 0.5461, 'Reinforcement Learning': 0.5158, 'Series temporelles': 0.4431, 'SQL / Data Engineering': 0.4827, 'Visualisation': 0.4899}"
[TITRE] Traitement des données en intelligence artificielle - Bloc 1 | [SECTEUR] Numérique & Informatique | [ORGANISME] GRETA CENTRE-VAL DE LOIRE | [CERTIFICATION] RNCP | [NIVEAU] BAC+3 ou 4 : licence,"['Big Data', 'SQL / Data Engineering']","['Big Data', 'Data Engineering', 'Data Science', 'Machine Learning', 'MLOps / Deploiement', 'SQL / Data Engineering', 'Visualisation']","['Data Engineering', 'Data Science', 'Machine Learning', 'MLOps / Deploiement', 'Visualisation']",[],"['Big Data', 'SQL / Data Engineering']","{'Automatisation': 0.4413, 'Big Data': 0.6465, 'Computer Vision': 0.5152, 'Data Engineering': 0.5828, 'Data Science': 0.6466, 'Deep Learning': 0.5586, 'Ethique IA & RGPD': 0.3951, 'Gestion de projet IA': 0.3877, 'IA Generative': 0.3879, 'LangChain / Agents RAG': 0.4615, 'Machine Learning': 0.5851, 'MLOps / Deploiement': 0.4905, 'NLP / Traitement du langage': 0.4707, 'No-code / Low-code': 0.434, 'Prompt Engineering': 0.3836, 'Python': 0.586, 'Reinforcement Learning': 0.4638, 'Series temporelles': 0.4942, 'SQL / Data Engineering': 0.5776, 'Visualisation': 0.5682}"
[TITRE] EXCEL PRO – Maîtrise des fonctionnalités avancées | [SECTEUR] Numérique & Informatique | [ORGANISME] CRIR | [CERTIFICATION] RS | [NIVEAU] nan | [ROME] nan | [TAGS] RS | Visualisation | niveau-,['Visualisation'],"['Data Engineering', 'Data Science']","['Data Engineering', 'Data Science']",['Visualisation'],[],"{'Automatisation': 0.4851, 'Big Data': 0.564, 'Computer Vision': 0.5076, 'Data Engineering': 0.5246, 'Data Science': 0.6057, 'Deep Learning': 0.523, 'Ethique IA & RGPD': 0.3945, 'Gestion de projet IA': 0.4008, 'IA Generative': 0.4208, 'LangChain / Agents RAG': 0.4172, 'Machine Learning': 0.5537, 'MLOps / Deploiement': 0.4526, 'NLP / Traitement du langage': 0.4577, 'No-code / Low-code': 0.4402, 'Prompt Engineering': 0.3849, 'Python': 0.5912, 'Reinforcement Learning': 0.4284, 'Series temporelles': 0.4713, 'SQL / Data Engineering': 0.5202, 'Visualisation': 0.5292}"
